{
	"type": "Topology",
	"transform": {
		"scale": [0.00011585532826236619, 0.00004522231631018839],
		"translate": [-76.93670600190693, 40.59227174222376]
	},
	"arcs": [
		[
			[4437, 3080],
			[44, -82],
			[41, 34],
			[26, -33],
			[18, -91],
			[30, -17],
			[24, -79],
			[84, -1],
			[97, 9],
			[21, 19],
			[17, 144],
			[40, 21],
			[78, 9],
			[48, 54],
			[45, 13],
			[63, -27],
			[43, 17],
			[41, -33],
			[17, -59],
			[-69, -94],
			[-2, -36],
			[-39, -123],
			[-124, -45],
			[-54, -72],
			[-31, -91],
			[-88, -29],
			[36, -152],
			[-18, -103],
			[-63, -82],
			[-8, -170],
			[15, -65],
			[-39, -66],
			[-27, -23],
			[-34, -57],
			[-4, -62],
			[38, -131],
			[-32, -50],
			[-40, -104],
			[-11, -76],
			[-35, -34],
			[-68, -15],
			[-28, -40],
			[-34, -80],
			[-61, -51],
			[-43, -20],
			[-38, -42],
			[-70, -45],
			[-32, 1],
			[-80, -52],
			[-77, 3],
			[-46, -42],
			[-34, -7],
			[-68, -81],
			[-40, -7],
			[-60, 18],
			[-14, -22],
			[-61, -23],
			[48, -100],
			[12, -108],
			[14, -64],
			[12, -158],
			[-53, -40],
			[-27, 0],
			[-137, -60],
			[-33, -20],
			[-158, -63],
			[-43, -9],
			[-34, 16],
			[-25, 73],
			[-58, -37],
			[-46, -8],
			[-38, -25],
			[-50, -11],
			[-51, -40],
			[-45, -2],
			[-47, -35],
			[-27, 3],
			[-128, -46],
			[-25, 15],
			[-105, -44],
			[1, 79],
			[-13, 258],
			[-87, -43],
			[-77, -28],
			[-75, -54],
			[-33, -8],
			[-99, -64],
			[-42, -39],
			[-25, 109],
			[-27, 70],
			[-12, 73],
			[-69, -16],
			[-40, 21],
			[-17, 30],
			[-60, -1],
			[-17, 17],
			[-102, -35],
			[-45, 32],
			[-31, 3],
			[-68, -62],
			[-50, -25],
			[-33, 3],
			[-28, 32],
			[-33, 4],
			[-17, 78],
			[-67, -3],
			[-56, -19],
			[-18, -87],
			[-26, -12],
			[-33, -52],
			[-47, -3],
			[-27, 54],
			[-67, 80],
			[-44, -22],
			[-17, 68],
			[-64, 6],
			[-32, 68],
			[-34, 6],
			[-49, 66],
			[-50, 98],
			[-126, -107],
			[-84, -46],
			[-71, -54],
			[-53, -56],
			[-83, -65],
			[-55, -77],
			[-49, -22],
			[-270, -265],
			[-33, -35],
			[-41, 166],
			[-37, 37],
			[-22, 86],
			[7, 55],
			[-29, 59],
			[-11, 60],
			[22, 31],
			[36, -2],
			[33, -65],
			[27, 33],
			[0, 49],
			[33, 104],
			[-16, 80],
			[53, 44],
			[0, 59],
			[64, 57],
			[68, 76],
			[-16, 141],
			[92, 82],
			[31, 15],
			[132, 98],
			[60, 33],
			[22, 34],
			[21, -8],
			[75, 56],
			[164, 95],
			[8, 53],
			[60, 79],
			[27, -72],
			[147, 72],
			[27, 19],
			[34, 49],
			[44, 28],
			[34, -4],
			[264, 111],
			[56, 33],
			[69, 23],
			[112, 58],
			[59, 39],
			[49, 14],
			[-8, 34],
			[3, 115],
			[80, -2],
			[147, 40],
			[18, 102],
			[4, 85],
			[52, 7],
			[39, 50],
			[61, 14],
			[55, -40],
			[23, 35],
			[65, 16],
			[20, 68],
			[26, 25],
			[69, 29],
			[27, -60],
			[31, -1],
			[19, 27],
			[47, 18],
			[34, -48],
			[52, 40],
			[30, 5],
			[34, 32],
			[7, 51],
			[-20, 32],
			[44, 55],
			[7, 127],
			[-6, 60],
			[19, 36],
			[-13, 53],
			[-2, 146],
			[43, 7],
			[97, -15],
			[36, -40],
			[29, -6],
			[58, 14],
			[60, -29],
			[101, -24],
			[295, -4],
			[172, 19],
			[167, 48],
			[115, 42],
			[72, 36],
			[79, 28],
			[47, -58],
			[54, 11],
			[12, -63],
			[41, -19],
			[48, 93],
			[9, 46],
			[47, -134]
		]
	],
	"objects": {
		"boundary_mahantango_wgs84": {
			"type": "GeometryCollection",
			"geometries": [{
				"arcs": [
					[0]
				],
				"type": "Polygon",
				"properties": {
					"AREA": 0,
					"LEGEND": "",
					"PERIMETER": 0,
					"SWSB987F_": 0,
					"SWSB987F_I": 0,
					"MDE6DIGT": "",
					"MDE6NAME": "",
					"MDE8DIGT": "",
					"STYLE": "",
					"MDE8NAME": "",
					"DATATIP": "",
					"HUC_10": "0205030108",
					"HU_10_NAME": "Mahantango Creek",
					"STATES": "PA",
					"Area_sqmi": 87.6396629472,
					"Acres": 56089.6073413,
					"HUC_8": "",
					"HUC_12": "",
					"NCONTRB_A": 0,
					"HU_10_GNIS": "",
					"HU_12_GNIS": "",
					"HU_10_DS": "",
					"HU_10_MOD": "",
					"HU_10_TYPE": "",
					"HU_12_DS": "",
					"HU_12_NAME": "",
					"HU_12_MOD": "",
					"HU_12_TYPE": "",
					"META_ID": ""
				}
			}]
		}
	}
}