{"type":"Topology","transform":{"scale":[0.0000570573369943977,0.00003340713052976979],"translate":[-75.93842891947502,38.06936893937228]},"arcs":[[[5710,5256],[5,-75],[18,-75],[1,-58],[15,-75],[18,-58],[12,-54],[9,-58],[19,-88],[2,-80],[-7,-47],[-29,-141],[2,-28],[12,-28],[19,-29],[27,-24],[60,-41],[52,-18],[22,-19],[16,-33],[2,-29],[12,-34],[-32,-85],[-5,-61],[1,-134],[-4,-71],[-9,-65],[-22,-105],[-4,-40],[11,-55],[38,-49],[29,-55],[3,-37],[-19,-33],[-8,-36],[13,-19],[29,-11],[41,-36],[6,-27],[34,-74],[6,-73],[7,-44],[17,-37],[7,-29],[-5,-30],[-50,-68],[-12,-31],[-7,-34],[-3,-45],[3,-39],[25,-97],[-24,-87],[-17,-24],[-21,-51],[-22,-31],[-34,-29],[-27,-10],[-60,0],[-10,-23],[1,-25],[17,-39],[63,-66],[23,-33],[13,-29],[-3,-34],[-91,-134],[-30,-35],[-24,-33],[-14,-30],[-9,-47],[-1,-30],[7,-29],[20,-33],[20,-10],[39,-5],[-87,-46],[-141,3],[-154,36],[-148,20],[-117,11],[-106,-15],[-59,-56],[-44,14],[-75,6],[-29,-23],[-17,-67],[-79,-49],[-80,-65],[-72,-53],[-29,5],[-144,49],[-17,-25],[-26,43],[-55,33],[-14,4],[-57,-28],[-57,-3],[-145,29],[-128,-23],[-99,-79],[-103,-63],[-92,-22],[-247,11],[-100,1],[-101,-40],[-106,-73],[-88,-8],[-91,-17],[-71,-46],[-82,-74],[-90,-62],[-77,-3],[-62,40],[-49,71],[-30,37],[-43,14],[-34,-28],[-11,-59],[11,-95],[-73,-27],[-37,-22],[-59,-127],[-33,-82],[-37,-118],[-48,-82],[-53,-30],[-70,23],[-91,42],[-34,5],[-68,-41],[-58,-68],[-52,-39],[-68,8],[-42,0],[-18,-53],[-18,-74],[-49,-66],[-31,-70],[3,-162],[-28,-66],[-60,-33],[-78,4],[-63,42],[-34,44],[-28,73],[-9,58],[-16,61],[-43,22],[-64,-23],[-46,-54],[-40,-71],[-106,189],[-96,185],[-118,154],[-56,71],[-200,238],[-178,147],[-139,70],[-86,38],[-34,170],[96,43],[14,241],[55,38],[97,63],[78,104],[86,62],[115,60],[38,82],[11,154],[63,123],[79,85],[39,115],[45,160],[72,178],[68,126],[52,139],[78,2],[100,41],[127,91],[103,116],[102,109],[79,63],[55,-18],[33,-55],[120,-117],[157,-48],[153,47],[155,83],[84,73],[70,36],[265,7],[3,-1],[271,3],[31,5],[48,16],[31,26],[31,43],[49,83],[53,23],[22,4],[33,20],[26,51],[50,58],[60,97],[329,-21],[5,25],[41,22],[25,23],[19,33],[24,99],[4,37],[-5,76],[1,68],[4,41],[14,69],[10,92],[0,41],[-6,43],[3,28],[15,29],[27,33],[30,22],[53,21],[31,-4],[139,-105],[52,-21],[33,3],[50,37],[22,21],[28,55],[36,79],[11,15],[52,154],[4,31],[-15,90],[-19,52],[-34,48],[45,3],[132,-3],[50,7],[70,2],[94,-12],[26,-7],[53,-35],[45,-10],[31,-17],[60,-51],[41,-14],[45,4],[94,0],[60,-11],[35,-12],[77,-42],[102,-77],[23,-4],[27,8],[26,25],[48,34],[25,13],[23,33],[13,59],[29,29],[26,2],[25,-8],[5,55]]],"objects":{"boundary_manokin_wgs84":{"type":"GeometryCollection","geometries":[{"arcs":[[0]],"type":"Polygon","properties":{"AREA":300730000,"LEGEND":"","PERIMETER":91770.635,"SWSB987F_":151,"SWSB987F_I":150,"MDE6DIGT":"021302","MDE6NAME":"POCOMOKE RIVER","MDE8DIGT":"02130208","STYLE":"8-DigitWatershed","MDE8NAME":"Manokin River","DATATIP":"Manokin River, 02130208","HUC_10":"","HU_10_NAME":"Manokin River","STATES":"","Area_sqmi":0,"Acres":0,"HUC_8":"","HUC_12":"","NCONTRB_A":0,"HU_10_GNIS":"","HU_12_GNIS":"","HU_10_DS":"","HU_10_MOD":"","HU_10_TYPE":"","HU_12_DS":"","HU_12_NAME":"","HU_12_MOD":"","HU_12_TYPE":"","META_ID":""}}]}}}