{"type":"Topology","transform":{"scale":[0.00004856243941852794,0.00003092345687902548],"translate":[-77.9955166592144,38.06936893937228]},"arcs":[[[49068,5678],[6,-81],[21,-80],[2,-63],[17,-82],[22,-63],[14,-57],[11,-64],[21,-94],[3,-87],[-9,-51],[-33,-152],[2,-30],[14,-31],[22,-30],[32,-27],[70,-43],[62,-21],[25,-20],[19,-36],[3,-31],[13,-36],[-37,-93],[-6,-66],[2,-144],[-5,-77],[-11,-70],[-26,-113],[-4,-44],[13,-59],[45,-53],[33,-60],[4,-39],[-22,-36],[-10,-39],[16,-20],[33,-12],[48,-40],[7,-29],[40,-80],[7,-79],[8,-46],[21,-41],[8,-30],[-6,-33],[-59,-74],[-14,-33],[-8,-37],[-4,-49],[4,-42],[29,-105],[-27,-93],[-20,-26],[-26,-56],[-25,-33],[-41,-32],[-31,-10],[-71,-1],[-11,-24],[1,-27],[20,-42],[74,-72],[27,-35],[15,-32],[-3,-36],[-107,-145],[-36,-37],[-27,-36],[-17,-33],[-11,-51],[-1,-32],[9,-31],[23,-36],[23,-11],[47,-6],[-102,-49],[-167,3],[-181,39],[-174,22],[-137,11],[-124,-15],[-70,-61],[-51,15],[-88,7],[-34,-25],[-21,-73],[-92,-53],[-95,-70],[-84,-57],[-34,6],[-170,52],[-19,-26],[-31,46],[-64,35],[-17,4],[-67,-30],[-67,-3],[-170,31],[-150,-24],[-117,-86],[-121,-68],[-108,-23],[-290,11],[-118,1],[-118,-43],[-126,-79],[-102,-9],[-108,-18],[-83,-49],[-97,-80],[-105,-67],[-90,-4],[-74,44],[-57,76],[-35,40],[-50,15],[-41,-30],[-12,-63],[13,-103],[-86,-29],[-44,-24],[-69,-138],[-39,-87],[-44,-128],[-55,-88],[-62,-34],[-83,26],[-108,45],[-39,5],[-80,-44],[-68,-74],[-61,-41],[-79,8],[-51,0],[-21,-57],[-21,-81],[-57,-70],[-37,-76],[4,-175],[-32,-71],[-71,-36],[-93,4],[-73,46],[-40,47],[-33,79],[-10,63],[-19,66],[-50,23],[-76,-25],[-54,-58],[-47,-76],[-125,203],[-112,200],[-139,167],[-66,76],[-234,258],[-210,159],[-163,75],[-102,41],[-39,184],[112,47],[17,259],[64,41],[114,69],[92,112],[101,67],[135,65],[45,88],[13,167],[74,133],[92,92],[46,123],[53,174],[85,192],[79,136],[61,150],[93,3],[117,44],[149,98],[121,125],[120,118],[93,68],[64,-19],[40,-59],[141,-127],[183,-52],[181,51],[181,90],[100,78],[82,39],[311,8],[4,-2],[318,4],[37,5],[56,17],[36,29],[37,47],[57,89],[63,25],[26,5],[39,21],[29,55],[59,62],[71,105],[386,-22],[6,27],[49,23],[29,25],[22,35],[29,108],[4,40],[-5,82],[0,74],[6,43],[15,75],[13,100],[-1,44],[-7,46],[3,31],[18,31],[33,35],[35,24],[62,23],[37,-5],[162,-113],[62,-23],[38,4],[59,39],[26,23],[33,60],[42,85],[12,16],[62,167],[4,34],[-16,97],[-23,56],[-40,52],[52,3],[156,-4],[58,8],[83,2],[110,-13],[31,-8],[62,-37],[52,-11],[37,-18],[71,-56],[47,-14],[54,4],[110,0],[70,-13],[42,-12],[90,-46],[120,-82],[27,-5],[32,9],[31,27],[55,36],[31,14],[27,36],[14,64],[34,32],[31,1],[30,-8],[5,59]],[[4576,92610],[69,17],[73,43],[33,10],[76,-81],[92,58],[102,92],[49,-91],[58,-140],[48,-23],[63,17],[9,-59],[39,-46],[26,13],[43,-49],[62,3],[33,20],[34,-3],[50,12],[93,61],[11,-69],[23,-96],[-3,-84],[52,-52],[8,-35],[-3,-37],[-17,-41],[-32,-47],[4,-18],[77,-68],[4,-20],[-16,-57],[-1,-64],[-30,-70],[0,-50],[-19,-57],[3,-41],[-15,-51],[11,-15],[54,-38],[15,-2],[16,33],[46,49],[53,32],[42,-6],[28,20],[9,34],[76,56],[42,-4],[52,-33],[69,16],[99,-16],[68,14],[13,-53],[46,-41],[32,-44],[44,-40],[44,-54],[9,-20],[71,-108],[25,-52],[-97,-71],[-49,-25],[-41,-29],[-97,-115],[-25,-41],[-26,-28],[-46,-15],[-68,-43],[-76,-42],[-62,-60],[-100,-126],[-24,-67],[-23,-24],[-43,-9],[-55,-26],[79,-105],[37,-59],[25,-21],[34,-64],[115,-132],[-34,-43],[49,-97],[14,-61],[25,-78],[37,-58],[48,-45],[20,-51],[9,-69],[31,1],[94,-56],[56,-71],[31,-85],[28,-100],[32,-227],[13,-5],[88,76],[58,20],[36,34],[44,25],[59,-7],[86,-109],[16,-30],[-57,-63],[-36,-87],[1,-56],[33,-35],[-2,-18],[-34,-31],[-10,-35],[-46,-43],[-54,31],[-21,-70],[-35,-43],[-16,-47],[-63,-49],[-51,-32],[-51,-50],[-16,2],[-48,64],[-18,1],[-34,-36],[-36,-79],[-50,-42],[-19,-50],[-38,-58],[-62,-50],[-37,-68],[34,-86],[-14,-30],[31,-34],[24,-14],[8,-31],[33,-33],[4,-29],[-27,-12],[-27,-40],[3,-53],[-16,-83],[15,-32],[-10,-55],[-35,-26],[-34,-47],[-53,-47],[-25,-57],[-63,-117],[-44,-51],[-26,-18],[-42,-49],[-70,-70],[-62,-74],[-26,-16],[-32,-48],[-70,-85],[-113,-115],[-59,-64],[-88,-80],[-19,-25],[-87,-90],[-57,-49],[-32,-49],[-41,-75],[-16,-47],[-16,-2],[-23,31],[-89,86],[-104,144],[47,58],[29,44],[13,5],[-6,49],[-13,9],[-96,8],[-73,-10],[-40,-20],[-101,-35],[-93,-64],[-60,-23],[-47,-2],[-149,-23],[-51,0],[-49,-10],[-104,-3],[-105,4],[-49,-8],[-119,2],[-87,-19],[-104,-29],[-139,-50],[-46,-21],[-131,-80],[-111,-74],[-133,-73],[-314,-194],[-99,-65],[-153,-92],[-33,-29],[-129,-73],[-61,-40],[-115,-81],[-38,67],[-20,72],[12,42],[92,85],[13,21],[-42,100],[-47,76],[-33,91],[-26,11],[-72,66],[-28,38],[-24,89],[27,60],[-14,58],[0,38],[39,79],[11,37],[-10,41],[-35,77],[-58,94],[16,46],[89,97],[23,66],[28,36],[-46,39],[-7,50],[16,68],[-36,73],[-2,56],[32,19],[4,49],[25,80],[-4,16],[-66,0],[-88,63],[-31,3],[-49,-42],[-52,-17],[-54,15],[-26,22],[-40,54],[-36,26],[-13,30],[-22,20],[-37,53],[-44,26],[-30,6],[-60,-16],[-22,60],[-2,123],[-52,13],[-9,48],[0,92],[10,52],[-3,40],[33,58],[12,48],[-2,38],[-20,106],[0,90],[-12,19],[-31,0],[-42,-13],[-68,-42],[-31,3],[-58,-53],[-29,-9],[-37,-49],[-43,-13],[-35,-49],[-27,-11],[-18,-48],[-37,-20],[-106,86],[-42,20],[-34,27],[-27,-35],[-8,-85],[-22,-23],[-58,-6],[-30,-14],[-60,-57],[-47,-36],[-34,-34],[-5,-35],[-63,-76],[-14,-25],[-61,52],[14,41],[-27,57],[20,60],[-24,51],[32,97],[-7,50],[-38,11],[-22,18],[-99,119],[-52,10],[-13,49],[12,43],[-43,149],[-3,36],[35,52],[43,27],[6,14],[-16,64],[-35,53],[57,57],[46,31],[24,38],[42,10],[114,122],[60,47],[51,28],[58,50],[54,18],[64,45],[91,41],[49,40],[60,35],[55,6],[23,-16],[17,82],[112,103],[72,43],[41,45],[31,5],[39,49],[83,33],[72,-32],[47,30],[15,28],[1,34],[-24,60],[19,45],[76,86],[115,91],[36,34],[44,11],[62,-43],[14,1],[3,51],[-6,33],[9,31],[49,84],[46,44],[106,118],[58,48],[24,37],[55,51],[70,42],[48,49],[32,5],[24,-16],[23,68],[37,69],[101,107],[55,35],[81,-7],[3,52],[27,57],[49,11],[14,11],[47,1],[33,15],[16,31],[40,27],[27,68],[29,31],[93,71],[44,60],[40,17],[75,66],[76,33],[80,63],[68,42],[36,29],[84,58],[95,55],[48,48],[86,61],[45,36],[23,28],[46,25],[58,47],[70,16],[70,52],[20,36],[31,26],[92,64],[16,90],[8,145],[15,58],[-16,50],[14,29],[-2,50],[38,51],[77,42],[28,-11],[105,-81],[109,-142],[51,-79]]],"objects":{"boundary_manokin_wgs84":{"type":"GeometryCollection","geometries":[{"arcs":[[0]],"type":"Polygon","properties":{"AREA":300730000,"LEGEND":"","PERIMETER":91770.635,"SWSB987F_":151,"SWSB987F_I":150,"MDE6DIGT":"021302","MDE6NAME":"POCOMOKE RIVER","MDE8DIGT":"02130208","STYLE":"8-DigitWatershed","MDE8NAME":"Manokin River","DATATIP":"Manokin River, 02130208","HUC_10":"","HU_10_NAME":"Manokin River","STATES":"","Area_sqmi":0,"Acres":0,"HUC_8":"","HUC_12":"","NCONTRB_A":0,"HU_10_GNIS":"","HU_12_GNIS":"","HU_10_DS":"","HU_10_MOD":"","HU_10_TYPE":"","HU_12_DS":"","HU_12_NAME":"","HU_12_MOD":"","HU_12_TYPE":"","META_ID":""}}]},"boundary_springcreek_wgs84":{"type":"GeometryCollection","geometries":[{"arcs":[[1]],"type":"Polygon","properties":{"AREA":0,"LEGEND":"","PERIMETER":0,"SWSB987F_":0,"SWSB987F_I":0,"MDE6DIGT":"","MDE6NAME":"","MDE8DIGT":"","STYLE":"","MDE8NAME":"","DATATIP":"","HUC_10":"0205020401","HU_10_NAME":"Spring Creek","STATES":"PA","Area_sqmi":145.963662762,"Acres":93417.1156652,"HUC_8":"","HUC_12":"","NCONTRB_A":0,"HU_10_GNIS":"","HU_12_GNIS":"","HU_10_DS":"","HU_10_MOD":"","HU_10_TYPE":"","HU_12_DS":"","HU_12_NAME":"","HU_12_MOD":"","HU_12_TYPE":"","META_ID":""}}]}}}